transaction_id,customer_id,amount,currency,timestamp,platform,status
T00000,1102,54.77,BND,2024-02-28 04:40:35,Web,Failed
T00001,1435,36.1,BND,2024-02-06 14:33:21,API,Completed
T00002,1860,382.7,BND,2024-02-16 16:41:04,API,Pending
T00003,1270,812.45,HUF,2024-01-19 13:25:46,Mobile,Completed
T00004,1106,987.4,BND,2024-03-22 12:50:14,Mobile,Pending
T00005,1071,158.91,NZD,2024-01-25 05:08:21,Web,Pending
T00006,1700,598.19,HUF,2024-03-10 09:18:54,API,Pending
T00007,1020,387.08,BND,2024-01-23 16:15:10,Mobile,Pending
T00008,1614,970.22,NZD,2024-01-17 20:28:01,Mobile,Pending
T00009,1121,843.7,HUF,2024-01-02 08:02:39,Mobile,Completed
T00010,1466,839.95,BND,2024-03-24 12:41:27,Mobile,Pending
T00011,1214,474.01,BND,2024-03-12 20:38:34,Mobile,Completed
T00012,1330,420.67,BND,2024-01-26 01:04:19,Mobile,Pending
T00013,1458,280.67,HUF,2024-02-21 10:54:15,Web,Failed
T00014,1087,65.81,NZD,2024-03-19 06:22:06,API,Pending
T00015,1372,866.08,NZD,2024-03-04 10:36:31,API,Failed
T00016,1099,814.77,CLP,2024-03-04 09:49:58,Mobile,Pending
T00017,1871,999.72,BND,2024-02-13 05:37:24,API,Pending
T00018,1663,996.67,CLP,2024-03-14 09:40:57,API,Pending
T00019,1130,559.88,CLP,2024-03-25 08:00:25,API,Failed
T00020,1661,771.3,NZD,2024-02-10 23:44:43,Mobile,Failed
T00021,1308,945.32,HUF,2024-01-31 00:10:31,Mobile,Pending
T00022,1769,851.15,HUF,2024-01-20 11:52:31,API,Completed
T00023,1343,254.87,NZD,2024-03-09 12:41:49,API,Pending
T00024,1491,456.04,HUF,2024-01-18 12:12:40,Mobile,Failed
T00025,1413,137.87,CLP,2024-01-17 22:13:56,Web,Pending
T00026,1805,954.51,BND,2024-02-11 04:14:49,API,Failed
T00027,1385,610.11,NZD,2024-02-21 11:03:48,Web,Failed
T00028,1191,236.36,BND,2024-02-03 08:09:53,API,Failed
T00029,1955,674.98,HUF,2024-01-22 13:33:56,Web,Pending
T00030,1276,621.95,BND,2024-01-28 03:49:42,Web,Failed
T00031,1160,364.58,HUF,2024-02-11 08:37:45,Web,Failed
T00032,1459,122.42,HUF,2024-03-27 09:00:20,Mobile,Pending
T00033,1313,674.86,CLP,2024-02-13 14:27:35,Web,Failed
T00034,1021,525.1,HUF,2024-01-19 12:23:12,Web,Pending
T00035,1252,774.6,CLP,2024-02-21 18:59:30,Web,Failed
T00036,1747,524.96,CLP,2024-01-06 05:15:30,API,Completed
T00037,1856,853.66,CLP,2024-03-05 17:35:20,Web,Completed
T00038,1560,556.39,NZD,2024-03-26 16:12:04,API,Failed
T00039,1474,565.33,NZD,2024-02-24 22:47:27,Web,Completed
T00040,1058,877.89,HUF,2024-01-28 19:16:27,Web,Pending
T00041,1510,409.45,CLP,2024-03-09 08:13:48,Mobile,Completed
T00042,1681,142.68,NZD,2024-02-10 11:46:48,API,Failed
T00043,1475,38.49,CLP,2024-01-28 09:06:40,Web,Failed
T00044,1699,757.59,BND,2024-02-12 13:29:21,API,Pending
T00045,1975,624.11,BND,2024-03-03 12:54:12,API,Failed
T00046,1782,707.04,BND,2024-02-05 04:08:35,Mobile,Pending
T00047,1189,220.83,HUF,2024-01-02 01:16:46,Mobile,Completed
T00048,1957,145.01,CLP,2024-02-18 01:16:25,Mobile,Completed
T00049,1686,24.4,BND,2024-02-17 04:56:24,Mobile,Pending
T00050,1957,357.08,NZD,2024-02-20 01:00:54,Mobile,Pending
T00051,1562,594.02,BND,2024-01-08 23:18:45,Mobile,Failed
T00052,1875,398.32,BND,2024-02-03 14:23:50,Mobile,Completed
T00053,1566,443.1,BND,2024-01-10 03:06:08,Mobile,Pending
T00054,1243,905.12,HUF,2024-01-03 09:21:27,Web,Completed
T00055,1831,354.77,NZD,2024-03-14 22:48:28,API,Pending
T00056,1504,518.85,CLP,2024-02-12 02:30:20,Mobile,Completed
T00057,1130,785.82,NZD,2024-02-08 00:18:41,Mobile,Failed
T00058,1484,402.58,CLP,2024-03-22 05:35:23,API,Completed
T00059,1818,625.87,HUF,2024-01-08 20:34:01,Web,Completed
T00060,1646,863.74,HUF,2024-03-17 01:34:34,API,Completed
T00061,1020,950.03,HUF,2024-03-03 17:45:12,API,Completed
T00062,1840,155.6,HUF,2024-02-04 00:28:22,Mobile,Completed
T00063,1166,927.32,CLP,2024-02-09 23:01:41,API,Failed
T00064,1273,497.2,BND,2024-01-01 12:33:52,API,Pending
T00065,1387,265.66,CLP,2024-01-29 07:24:00,Mobile,Completed
T00066,1600,464.54,NZD,2024-03-19 03:30:41,Mobile,Failed
T00067,1315,980.23,HUF,2024-03-22 21:12:37,Mobile,Completed
T00068,1013,497.69,HUF,2024-03-17 10:31:09,Mobile,Completed
T00069,1241,335.46,NZD,2024-03-04 02:26:13,API,Pending
T00070,1776,637.07,CLP,2024-03-01 10:16:01,API,Completed
T00071,1345,247.74,BND,2024-01-16 23:18:24,Web,Failed
T00072,1564,85.1,BND,2024-02-14 13:10:33,Web,Failed
T00073,1897,137.59,NZD,2024-03-26 02:32:52,API,Pending
T00074,1339,136.77,BND,2024-01-17 15:13:08,Web,Completed
T00075,1091,160.38,CLP,2024-01-20 04:05:21,API,Failed
T00076,1366,147.44,CLP,2024-01-07 05:37:25,Web,Completed
T00077,1955,644.47,NZD,2024-01-19 04:39:11,Mobile,Completed
T00078,1454,190.06,CLP,2024-03-02 23:22:32,Web,Completed
T00079,1427,352.21,HUF,2024-02-22 08:58:41,Mobile,Pending
T00080,1508,897.82,NZD,2024-03-08 12:13:21,Mobile,Completed
T00081,1775,479.22,CLP,2024-02-02 17:57:35,Mobile,Failed
T00082,1942,670.88,NZD,2024-03-20 23:57:35,Mobile,Completed
T00083,1034,180.6,BND,2024-02-28 13:16:34,Web,Failed
T00084,1205,200.37,CLP,2024-01-29 23:21:32,API,Completed
T00085,1080,50.46,HUF,2024-03-02 11:36:06,Mobile,Failed
T00086,1931,177.25,CLP,2024-01-26 08:27:01,Web,Failed
T00087,1561,285.8,NZD,2024-03-16 19:28:11,Mobile,Completed
T00088,1871,185.24,NZD,2024-03-26 19:28:23,Web,Completed
T00089,1387,97.82,CLP,2024-02-08 23:13:43,Web,Failed
T00090,1001,129.43,HUF,2024-01-31 05:07:49,Web,Pending
T00091,1389,466.17,HUF,2024-03-26 07:24:43,API,Completed
T00092,1565,214.27,HUF,2024-01-26 02:02:34,Web,Pending
T00093,1105,370.63,NZD,2024-01-13 16:49:13,Web,Completed
T00094,1771,508.38,CLP,2024-03-15 12:45:22,API,Completed
T00095,1821,693.49,BND,2024-02-28 10:13:19,API,Completed
T00096,1476,48.92,NZD,2024-02-20 18:03:30,Web,Completed
T00097,1702,801.42,HUF,2024-02-25 18:32:30,API,Pending
T00098,1401,631.62,CLP,2024-02-27 18:32:16,Mobile,Completed
T00099,1729,90.94,HUF,2024-01-10 12:57:35,Mobile,Failed
T00100,1555,874.84,BND,2024-02-10 04:22:30,API,Failed
T00101,1161,921.66,HUF,2024-02-21 19:05:56,API,Pending
T00102,1201,70.47,HUF,2024-02-02 00:08:51,Web,Completed
T00103,1957,284.11,BND,2024-01-07 19:22:38,API,Failed
T00104,1995,808.14,CLP,2024-01-31 10:45:23,Web,Pending
T00105,1269,750.78,NZD,2024-02-14 08:21:01,Mobile,Completed
T00106,1862,192.68,CLP,2024-01-11 00:18:59,API,Failed
T00107,1815,217.26,BND,2024-03-30 20:43:01,Web,Failed
T00108,1270,376.77,HUF,2024-01-19 06:30:38,Web,Pending
T00109,1455,489.68,CLP,2024-03-28 07:19:19,Mobile,Completed
T00110,1461,622.07,NZD,2024-03-03 07:48:55,API,Completed
T00111,1726,375.22,BND,2024-02-13 14:14:44,Mobile,Failed
T00112,1251,467.91,CLP,2024-03-11 21:34:06,Web,Failed
T00113,1701,750.0,NZD,2024-02-03 14:01:57,Web,Failed
T00114,1295,46.32,BND,2024-03-13 18:05:39,API,Completed
T00115,1724,259.91,NZD,2024-03-12 11:22:03,Web,Pending
T00116,1719,716.22,BND,2024-03-19 21:28:45,API,Pending
T00117,1748,896.25,HUF,2024-01-26 14:22:18,Mobile,Completed
T00118,1337,516.56,CLP,2024-03-06 21:19:56,API,Pending
T00119,1878,536.79,NZD,2024-01-04 08:29:28,API,Failed
T00120,1052,116.1,BND,2024-03-19 23:09:27,Web,Pending
T00121,1791,452.94,NZD,2024-01-31 13:18:49,Web,Pending
T00122,1921,537.29,NZD,2024-02-06 06:20:11,API,Pending
T00123,1216,250.05,CLP,2024-01-27 06:03:05,Web,Failed
T00124,1763,276.55,HUF,2024-03-07 14:49:20,Web,Completed
T00125,1187,383.51,NZD,2024-03-29 07:48:14,Web,Failed
T00126,1379,29.87,BND,2024-03-27 02:47:29,API,Completed
T00127,1492,328.86,BND,2024-02-07 08:32:24,Web,Completed
T00128,1040,219.33,HUF,2024-01-20 23:29:59,API,Completed
T00129,1156,334.22,BND,2024-02-21 17:40:13,Web,Pending
T00130,1014,128.56,HUF,2024-02-20 13:25:27,Mobile,Pending
T00131,1812,891.62,BND,2024-02-28 16:51:55,Web,Completed
T00132,1064,597.66,CLP,2024-03-20 03:49:52,Web,Completed
T00133,1856,682.31,NZD,2024-01-06 03:19:05,API,Pending
T00134,1838,791.28,CLP,2024-03-26 10:33:23,API,Failed
T00135,1520,503.46,NZD,2024-03-14 00:48:34,Web,Completed
T00136,1343,96.05,NZD,2024-01-01 05:54:13,Mobile,Failed
T00137,1128,541.74,NZD,2024-02-11 16:51:50,Web,Pending
T00138,1647,590.97,CLP,2024-01-27 08:26:27,Web,Completed
T00139,1471,747.99,NZD,2024-01-27 02:16:54,Mobile,Failed
T00140,1062,437.34,CLP,2024-03-30 00:20:40,API,Failed
T00141,1138,136.3,HUF,2024-02-14 14:11:06,Web,Failed
T00142,1498,290.94,BND,2024-03-16 05:59:13,API,Pending
T00143,1592,369.45,BND,2024-03-21 02:06:34,API,Pending
T00144,1391,649.46,NZD,2024-01-11 23:56:02,Mobile,Failed
T00145,1674,575.07,CLP,2024-03-21 11:34:28,Mobile,Failed
T00146,1418,362.54,BND,2024-03-19 20:12:34,API,Pending
T00147,1288,986.65,CLP,2024-01-15 18:03:54,Web,Failed
T00148,1378,609.72,CLP,2024-02-01 21:17:43,API,Failed
T00149,1772,244.85,NZD,2024-02-28 11:31:23,Web,Pending
T00150,1489,110.76,BND,2024-01-15 05:20:07,Web,Failed
T00151,1230,161.33,NZD,2024-01-02 10:06:15,Mobile,Failed
T00152,1040,253.5,NZD,2024-02-29 18:18:35,Web,Failed
T00153,1027,169.07,BND,2024-03-21 15:43:36,Web,Pending
T00154,1134,194.7,BND,2024-03-11 15:54:11,API,Failed
T00155,1200,292.24,HUF,2024-02-22 05:57:56,Mobile,Pending
T00156,1839,181.64,HUF,2024-03-28 23:35:48,Web,Pending
T00157,1779,897.8,CLP,2024-03-30 14:08:07,Web,Completed
T00158,1929,89.43,BND,2024-02-21 15:45:58,Mobile,Completed
T00159,1032,529.27,HUF,2024-01-05 19:10:00,API,Failed
T00160,1047,416.29,CLP,2024-03-12 13:03:42,Mobile,Pending
T00161,1502,982.55,CLP,2024-01-27 06:17:50,Mobile,Completed
T00162,1406,120.92,CLP,2024-02-21 01:55:59,Web,Failed
T00163,1573,403.88,HUF,2024-01-24 12:58:21,Web,Completed
T00164,1727,969.78,BND,2024-03-29 10:16:07,API,Completed
T00165,1804,866.85,NZD,2024-02-02 18:32:49,Web,Pending
T00166,1098,818.9,CLP,2024-03-25 17:55:53,Web,Pending
T00167,1683,265.32,HUF,2024-01-17 18:26:03,Mobile,Completed
T00168,1871,179.18,HUF,2024-01-30 03:51:47,Web,Completed
T00169,1725,671.96,NZD,2024-02-28 15:16:21,API,Pending
T00170,1986,930.08,NZD,2024-01-15 13:05:15,Mobile,Failed
T00171,1546,561.2,HUF,2024-01-01 22:17:37,API,Pending
T00172,1960,575.9,BND,2024-01-18 16:02:14,Mobile,Completed
T00173,1738,287.18,NZD,2024-01-10 12:55:43,Web,Failed
T00174,1612,771.8,HUF,2024-03-26 00:42:42,Mobile,Completed
T00175,1942,195.17,NZD,2024-03-29 02:48:12,Mobile,Failed
T00176,1461,330.44,BND,2024-02-04 21:28:58,Web,Completed
T00177,1642,431.18,CLP,2024-03-16 06:06:41,Web,Failed
T00178,1768,512.53,NZD,2024-02-14 00:23:06,API,Failed
T00179,1004,249.99,BND,2024-02-24 15:52:07,API,Completed
T00180,1217,123.69,HUF,2024-02-29 05:47:17,Web,Failed
T00181,1502,614.51,NZD,2024-01-05 07:13:36,Web,Pending
T00182,1766,295.74,NZD,2024-01-23 16:29:15,Web,Completed
T00183,1397,585.43,HUF,2024-02-11 22:41:04,Mobile,Pending
T00184,1870,162.82,CLP,2024-01-09 23:19:18,Mobile,Completed
T00185,1794,486.33,HUF,2024-02-01 08:55:27,Mobile,Failed
T00186,1392,537.26,NZD,2024-01-21 11:22:47,Web,Failed
T00187,1206,61.31,HUF,2024-03-11 04:04:52,API,Failed
T00188,1014,343.24,BND,2024-01-11 14:33:03,Web,Completed
T00189,1857,143.07,HUF,2024-01-04 05:33:35,Mobile,Pending
T00190,1553,72.74,NZD,2024-03-26 04:28:26,Mobile,Pending
T00191,1891,990.06,HUF,2024-02-02 21:47:16,Web,Completed
T00192,1460,329.13,CLP,2024-02-13 06:17:39,Web,Completed
T00193,1690,811.78,HUF,2024-03-26 09:58:53,Mobile,Pending
T00194,1574,262.09,CLP,2024-01-04 03:55:49,Mobile,Pending
T00195,1863,684.69,BND,2024-02-17 16:08:13,Mobile,Pending
T00196,1742,762.63,CLP,2024-03-12 05:26:13,Web,Pending
T00197,1240,599.68,HUF,2024-03-10 20:26:58,Mobile,Completed
T00198,1563,476.86,NZD,2024-03-18 09:34:23,Mobile,Completed
T00199,1095,417.72,CLP,2024-01-23 16:36:24,API,Failed
T00200,1899,355.38,BND,2024-02-13 04:56:43,Web,Pending
T00201,1733,930.23,CLP,2024-03-13 00:49:14,API,Failed
T00202,1484,832.31,CLP,2024-03-05 15:35:09,API,Completed
T00203,1406,965.38,CLP,2024-03-05 23:51:18,Mobile,Completed
T00204,1230,133.05,BND,2024-01-17 09:23:27,Web,Failed
T00205,1748,733.56,HUF,2024-01-07 16:44:48,Mobile,Pending
T00206,1654,938.96,CLP,2024-03-27 18:17:34,Web,Pending
T00207,1170,189.42,CLP,2024-02-18 21:55:56,API,Pending
T00208,1540,75.83,NZD,2024-03-24 22:23:50,Web,Pending
T00209,1035,743.71,BND,2024-03-07 14:51:32,Mobile,Failed
T00210,1524,578.73,CLP,2024-01-29 15:24:13,Mobile,Failed
T00211,1159,843.41,BND,2024-02-07 01:30:09,Mobile,Completed
T00212,1838,148.37,CLP,2024-02-18 22:26:35,Web,Pending
T00213,1698,797.31,HUF,2024-02-23 02:37:25,API,Pending
T00214,1242,209.61,HUF,2024-03-03 23:23:37,API,Pending
T00215,1085,172.02,CLP,2024-03-25 22:14:54,Web,Failed
T00216,1795,172.62,HUF,2024-01-07 03:58:46,Mobile,Pending
T00217,1577,816.43,CLP,2024-02-15 17:50:55,API,Failed
T00218,1681,668.55,HUF,2024-02-14 04:20:42,Mobile,Pending
T00219,1556,527.83,NZD,2024-03-06 07:48:20,Web,Pending
T00220,1573,365.24,NZD,2024-02-27 18:14:48,Mobile,Completed
T00221,1952,878.43,NZD,2024-03-02 07:45:06,API,Pending
T00222,1645,398.52,BND,2024-01-03 18:39:28,API,Pending
T00223,1795,818.43,BND,2024-01-04 08:16:03,Mobile,Completed
T00224,1027,444.74,NZD,2024-01-31 00:08:56,Web,Failed
T00225,1619,383.17,BND,2024-02-04 10:33:55,Mobile,Failed
T00226,1555,468.05,HUF,2024-03-19 20:22:57,Web,Pending
T00227,1339,308.36,CLP,2024-02-08 04:56:57,Mobile,Failed
T00228,1797,750.13,CLP,2024-03-04 16:59:41,API,Pending
T00229,1957,507.69,CLP,2024-01-07 00:12:45,Web,Completed
T00230,1330,239.89,NZD,2024-02-21 02:08:04,Web,Completed
T00231,1639,900.58,BND,2024-02-09 19:47:46,Web,Pending
T00232,1505,390.05,HUF,2024-02-14 21:19:23,API,Completed
T00233,1347,548.12,HUF,2024-02-07 12:58:04,Mobile,Completed
T00234,1472,907.41,NZD,2024-03-18 22:34:48,API,Pending
T00235,1230,628.0,HUF,2024-02-05 00:04:03,Web,Pending
T00236,1189,125.73,HUF,2024-01-12 21:25:57,Mobile,Completed
T00237,1224,940.43,HUF,2024-03-27 01:28:17,API,Failed
T00238,1384,631.43,HUF,2024-03-09 06:34:45,Web,Failed
T00239,1376,341.56,BND,2024-03-03 13:21:22,Web,Pending
T00240,1282,147.88,HUF,2024-03-28 23:35:23,API,Pending
T00241,1957,796.08,CLP,2024-03-27 08:51:04,API,Failed
T00242,1632,623.87,NZD,2024-01-24 02:29:30,API,Completed
T00243,1627,538.13,BND,2024-02-15 00:09:37,Web,Failed
T00244,1972,894.95,HUF,2024-03-06 20:03:58,API,Failed
T00245,1744,790.71,BND,2024-03-04 11:52:11,Web,Failed
T00246,1258,160.16,HUF,2024-01-14 23:02:03,API,Failed
T00247,1358,318.6,CLP,2024-03-18 14:06:00,Web,Pending
T00248,1709,256.0,NZD,2024-01-19 17:03:16,Web,Pending
T00249,1455,746.51,HUF,2024-01-21 15:59:19,Mobile,Completed
T00250,1410,43.2,HUF,2024-01-04 13:40:49,API,Completed
T00251,1648,574.19,HUF,2024-02-14 12:38:45,API,Completed
T00252,1317,764.83,HUF,2024-01-07 04:13:54,Web,Completed
T00253,1676,878.0,NZD,2024-02-15 12:25:47,Web,Failed
T00254,1224,348.66,NZD,2024-03-01 19:54:03,Web,Pending
T00255,1818,823.04,CLP,2024-01-03 04:50:37,Mobile,Pending
T00256,1233,119.53,NZD,2024-01-10 21:47:27,Mobile,Completed
T00257,1683,847.99,HUF,2024-02-23 12:20:36,Web,Completed
T00258,1663,136.21,CLP,2024-03-21 06:52:11,API,Failed
T00259,1974,403.31,CLP,2024-03-28 11:07:35,API,Failed
T00260,1826,799.32,CLP,2024-03-02 17:43:53,Mobile,Completed
T00261,1373,158.42,HUF,2024-02-21 02:34:37,Mobile,Pending
T00262,1671,236.96,BND,2024-01-17 06:39:28,Web,Pending
T00263,1607,725.03,HUF,2024-03-20 04:21:40,API,Pending
T00264,1471,722.84,NZD,2024-01-10 18:51:14,Web,Completed
T00265,1232,644.74,NZD,2024-03-07 23:01:07,Mobile,Pending
T00266,1691,697.01,HUF,2024-02-22 20:12:17,API,Failed
T00267,1112,547.3,HUF,2024-01-15 04:12:24,API,Failed
T00268,1829,259.28,CLP,2024-03-10 02:23:46,Mobile,Completed
T00269,1496,352.24,HUF,2024-02-26 06:48:14,Web,Failed
T00270,1441,189.78,CLP,2024-03-30 20:10:57,Web,Completed
T00271,1563,909.37,NZD,2024-02-08 17:56:09,API,Pending
T00272,1267,587.56,CLP,2024-01-25 15:56:58,Mobile,Pending
T00273,1509,406.84,HUF,2024-02-07 15:05:28,API,Pending
T00274,1806,467.39,NZD,2024-03-29 21:05:51,Mobile,Failed
T00275,1385,947.81,BND,2024-02-23 13:56:15,Web,Completed
T00276,1386,161.82,CLP,2024-02-10 09:17:09,Mobile,Pending
T00277,1112,590.37,NZD,2024-03-27 13:05:20,Web,Completed
T00278,1612,510.83,CLP,2024-03-20 17:24:20,Mobile,Pending
T00279,1624,615.34,NZD,2024-03-15 23:34:03,API,Failed
T00280,1951,27.93,NZD,2024-01-30 00:47:06,Web,Failed
T00281,1080,873.4,CLP,2024-01-30 07:04:46,API,Completed
T00282,1698,932.8,BND,2024-01-04 09:52:26,API,Failed
T00283,1112,569.48,NZD,2024-03-07 02:19:14,Web,Failed
T00284,1001,699.68,NZD,2024-03-03 20:53:39,Web,Completed
T00285,1641,923.27,NZD,2024-02-20 09:08:12,API,Pending
T00286,1219,710.17,BND,2024-01-20 16:49:19,API,Failed
T00287,1565,161.01,BND,2024-02-13 11:53:05,API,Completed
T00288,1854,580.53,HUF,2024-02-14 00:09:37,API,Failed
T00289,1996,610.65,CLP,2024-01-24 04:30:26,Web,Failed
T00290,1735,429.89,BND,2024-02-08 18:57:43,Web,Failed
T00291,1224,739.08,CLP,2024-03-04 17:12:59,API,Failed
T00292,1384,935.02,HUF,2024-01-02 10:25:50,Mobile,Completed
T00293,1402,926.31,CLP,2024-02-22 08:39:02,Mobile,Completed
T00294,1637,456.33,BND,2024-02-25 11:53:41,Web,Completed
T00295,1129,122.11,CLP,2024-01-14 08:20:24,API,Failed
T00296,1052,984.99,BND,2024-02-18 23:47:31,API,Failed
T00297,1683,840.51,CLP,2024-01-31 16:10:35,Web,Failed
T00298,1729,133.42,BND,2024-03-15 23:23:44,Mobile,Completed
T00299,1671,921.63,BND,2024-02-24 20:40:39,Mobile,Failed
T00300,1709,871.2,CLP,2024-01-21 03:28:54,Mobile,Pending
T00301,1415,523.65,HUF,2024-02-15 01:03:59,Web,Failed
T00302,1246,595.36,NZD,2024-01-16 02:26:06,Mobile,Pending
T00303,1835,405.01,HUF,2024-01-27 15:52:34,Web,Failed
T00304,1438,64.21,CLP,2024-02-09 07:55:47,Web,Completed
T00305,1202,341.85,HUF,2024-02-27 06:33:29,API,Failed
T00306,1183,804.82,BND,2024-02-16 12:42:00,Mobile,Pending
T00307,1122,14.59,NZD,2024-02-04 02:34:22,Web,Pending
T00308,1400,340.16,CLP,2024-01-31 23:28:37,Mobile,Failed
T00309,1766,404.19,CLP,2024-02-19 20:24:46,Mobile,Pending
T00310,1293,542.02,CLP,2024-03-25 20:23:26,API,Pending
T00311,1279,920.66,NZD,2024-01-08 06:13:40,Mobile,Completed
T00312,1836,352.88,BND,2024-03-12 09:51:52,API,Failed
T00313,1883,353.48,CLP,2024-03-01 06:00:20,Web,Failed
T00314,1609,740.13,HUF,2024-01-06 03:08:36,Mobile,Failed
T00315,1197,457.7,CLP,2024-02-10 17:09:01,Web,Pending
T00316,1981,232.36,CLP,2024-03-12 09:29:23,Mobile,Failed
T00317,1906,457.92,CLP,2024-02-10 00:10:53,Web,Failed
T00318,1510,149.45,CLP,2024-03-03 20:06:59,Mobile,Completed
T00319,1751,184.62,BND,2024-01-06 12:06:35,Mobile,Completed
T00320,1143,503.38,HUF,2024-01-17 23:09:04,Mobile,Completed
T00321,1608,424.74,BND,2024-01-22 20:40:06,Mobile,Pending
T00322,1200,915.7,HUF,2024-02-07 13:13:44,Mobile,Failed
T00323,1123,368.77,CLP,2024-03-07 12:15:30,Mobile,Completed
T00324,1186,584.78,NZD,2024-01-25 20:41:31,Mobile,Completed
T00325,1325,635.94,BND,2024-02-15 20:27:56,Mobile,Completed
T00326,1463,22.96,NZD,2024-01-21 09:01:02,Mobile,Failed
T00327,1348,666.9,BND,2024-01-26 21:51:13,Web,Failed
T00328,1770,186.26,CLP,2024-01-19 18:52:34,API,Failed
T00329,1659,961.46,BND,2024-02-16 23:27:28,Mobile,Pending
T00330,1763,157.18,CLP,2024-02-28 15:36:37,API,Pending
T00331,1954,420.48,BND,2024-02-10 06:53:46,Mobile,Completed
T00332,1931,94.5,CLP,2024-01-10 08:46:18,Mobile,Failed
T00333,1402,996.91,CLP,2024-02-25 07:03:22,Web,Completed
T00334,1345,507.17,HUF,2024-03-21 06:08:26,Web,Failed
T00335,1962,599.43,CLP,2024-02-24 01:26:57,API,Failed
T00336,1510,76.41,HUF,2024-03-27 15:32:07,Web,Failed
T00337,1146,752.46,CLP,2024-01-30 15:50:05,Web,Pending
T00338,1147,217.81,NZD,2024-03-09 07:07:17,API,Pending
T00339,1863,899.07,CLP,2024-01-09 08:17:17,Web,Failed
T00340,1710,213.09,NZD,2024-03-04 17:54:43,Mobile,Completed
T00341,1819,198.78,NZD,2024-02-07 09:50:44,API,Failed
T00342,1488,46.18,CLP,2024-03-26 19:36:39,API,Failed
T00343,1928,477.35,NZD,2024-03-15 06:45:54,Mobile,Completed
T00344,1935,569.19,HUF,2024-02-02 09:34:10,Web,Failed
T00345,1639,75.05,BND,2024-01-12 19:44:29,API,Completed
T00346,1550,777.77,CLP,2024-03-19 04:45:50,API,Pending
T00347,1337,458.76,NZD,2024-03-07 21:21:17,Mobile,Pending
T00348,1871,529.15,CLP,2024-01-28 13:28:26,Mobile,Completed
T00349,1640,446.36,HUF,2024-02-03 11:26:11,Web,Pending
T00350,1778,406.76,CLP,2024-01-21 23:25:36,API,Pending
T00351,1987,564.04,CLP,2024-02-20 03:50:48,Web,Completed
T00352,1952,163.69,NZD,2024-03-16 16:00:39,Web,Pending
T00353,1472,190.11,HUF,2024-03-21 16:09:59,Mobile,Failed
T00354,1945,863.17,BND,2024-03-29 16:51:25,API,Failed
T00355,1150,946.65,BND,2024-01-06 08:36:41,API,Completed
T00356,1414,379.58,NZD,2024-03-10 13:51:33,API,Pending
T00357,1989,278.04,CLP,2024-02-06 19:24:06,Mobile,Failed
T00358,1297,647.56,NZD,2024-01-25 21:31:01,Mobile,Failed
T00359,1610,414.65,NZD,2024-02-15 17:21:51,Mobile,Pending
T00360,1262,35.13,NZD,2024-02-02 15:55:36,Mobile,Pending
T00361,1763,164.59,CLP,2024-02-29 18:45:38,Mobile,Failed
T00362,1143,718.81,HUF,2024-01-06 23:14:53,API,Failed
T00363,1345,662.33,NZD,2024-01-31 12:25:22,Web,Completed
T00364,1623,36.83,CLP,2024-01-03 18:23:37,API,Completed
T00365,1571,229.75,HUF,2024-01-05 19:16:34,Web,Failed
T00366,1880,238.76,NZD,2024-01-11 21:36:08,Mobile,Completed
T00367,1001,675.17,BND,2024-03-19 01:25:47,Web,Failed
T00368,1896,29.51,HUF,2024-01-22 07:08:03,API,Failed
T00369,1303,113.07,NZD,2024-03-07 02:40:44,API,Completed
T00370,1253,801.92,HUF,2024-01-13 11:09:01,Web,Completed
T00371,1651,186.76,HUF,2024-01-06 09:26:22,Mobile,Pending
T00372,1452,656.22,HUF,2024-01-30 09:09:28,Mobile,Pending
T00373,1036,245.8,HUF,2024-01-04 03:52:26,API,Pending
T00374,1159,108.45,HUF,2024-03-04 21:02:51,Web,Failed
T00375,1008,250.74,HUF,2024-03-04 02:46:14,Mobile,Completed
T00376,1232,725.04,NZD,2024-03-11 21:09:12,Mobile,Failed
T00377,1098,857.14,BND,2024-01-14 11:33:15,API,Completed
T00378,1658,831.92,CLP,2024-01-17 01:55:30,Mobile,Failed
T00379,1815,403.21,HUF,2024-03-23 12:33:50,Web,Pending
T00380,1207,671.4,CLP,2024-01-31 23:49:07,API,Pending
T00381,1130,212.93,NZD,2024-03-03 06:00:45,API,Pending
T00382,1403,300.22,HUF,2024-03-22 20:07:19,Web,Failed
T00383,1151,897.37,BND,2024-01-28 21:16:21,API,Completed
T00384,1053,22.87,CLP,2024-02-25 00:13:40,Mobile,Completed
T00385,1119,94.65,HUF,2024-03-22 07:48:12,Mobile,Pending
T00386,1672,215.81,NZD,2024-02-11 07:49:59,Web,Pending
T00387,1919,36.27,BND,2024-03-20 09:20:16,Mobile,Pending
T00388,1627,189.62,CLP,2024-03-23 11:48:45,Web,Pending
T00389,1586,587.21,CLP,2024-02-29 17:40:24,Web,Completed
T00390,1624,427.21,HUF,2024-02-04 01:34:55,Mobile,Failed
T00391,1967,893.74,BND,2024-02-08 00:06:56,Web,Failed
T00392,1419,819.27,BND,2024-01-01 21:26:15,Mobile,Failed
T00393,1421,348.4,BND,2024-02-01 02:02:27,API,Failed
T00394,1103,266.83,BND,2024-01-25 01:26:48,API,Pending
T00395,1851,385.9,NZD,2024-01-16 17:04:13,Web,Pending
T00396,1253,594.39,BND,2024-02-04 20:36:26,Mobile,Pending
T00397,1226,275.38,CLP,2024-01-02 02:23:48,Mobile,Failed
T00398,1111,627.91,CLP,2024-01-19 00:50:42,API,Pending
T00399,1509,415.32,NZD,2024-03-27 14:25:44,API,Pending
T00400,1472,556.53,CLP,2024-02-24 05:35:54,Mobile,Completed
T00401,1098,441.77,CLP,2024-03-27 00:35:25,Web,Completed
T00402,1152,301.52,BND,2024-02-19 23:50:53,API,Pending
T00403,1860,948.97,CLP,2024-02-27 06:26:48,Web,Completed
T00404,1913,765.97,NZD,2024-03-04 00:35:15,Web,Completed
T00405,1895,148.71,BND,2024-01-02 21:30:34,API,Pending
T00406,1877,869.78,HUF,2024-01-28 09:39:15,Web,Pending
T00407,1337,492.56,BND,2024-01-15 05:36:27,Web,Pending
T00408,1705,895.61,NZD,2024-02-04 20:45:59,Mobile,Pending
T00409,1821,801.86,BND,2024-01-16 08:12:49,Web,Failed
T00410,1162,430.96,BND,2024-03-29 22:25:44,Mobile,Failed
T00411,1719,32.24,NZD,2024-01-17 09:33:48,API,Pending
T00412,1956,275.99,BND,2024-03-11 19:43:41,API,Completed
T00413,1680,546.22,NZD,2024-01-28 22:36:05,Mobile,Pending
T00414,1995,637.14,NZD,2024-03-24 09:19:36,API,Pending
T00415,1160,265.31,HUF,2024-02-07 03:20:23,Web,Completed
T00416,1579,147.96,CLP,2024-03-27 07:38:38,Web,Failed
T00417,1800,836.58,CLP,2024-02-28 11:14:06,Web,Pending
T00418,1397,984.56,BND,2024-02-11 23:07:34,API,Pending
T00419,1276,530.43,BND,2024-01-04 07:21:51,Web,Failed
T00420,1815,179.96,HUF,2024-03-02 02:09:32,API,Failed
T00421,1915,279.58,HUF,2024-01-14 00:03:09,Web,Completed
T00422,1503,28.21,HUF,2024-03-21 00:14:40,Mobile,Failed
T00423,1895,915.16,NZD,2024-01-07 15:58:39,API,Failed
T00424,1391,126.57,HUF,2024-03-13 22:22:21,API,Failed
T00425,1134,580.75,HUF,2024-03-12 23:47:23,Web,Completed
T00426,1194,281.31,BND,2024-02-08 13:18:26,API,Failed
T00427,1400,558.64,HUF,2024-01-10 20:52:26,API,Failed
T00428,1639,654.91,NZD,2024-03-05 11:15:11,Mobile,Completed
T00429,1032,831.44,NZD,2024-01-05 21:19:41,Mobile,Failed
T00430,1687,214.36,BND,2024-01-12 07:13:53,Web,Failed
T00431,1459,20.89,HUF,2024-02-23 20:55:48,Mobile,Completed
T00432,1954,145.52,HUF,2024-01-31 22:00:52,Web,Pending
T00433,1882,901.02,NZD,2024-02-26 17:09:24,Web,Completed
T00434,1469,875.15,HUF,2024-01-18 14:29:03,Web,Failed
T00435,1374,601.44,HUF,2024-03-05 09:27:47,API,Failed
T00436,1021,604.51,HUF,2024-03-14 08:05:56,Mobile,Failed
T00437,1749,668.39,CLP,2024-03-06 17:30:42,Web,Completed
T00438,1669,183.62,BND,2024-01-05 15:24:27,Mobile,Failed
T00439,1037,915.27,CLP,2024-03-23 02:36:16,Web,Failed
T00440,1229,424.58,BND,2024-03-02 12:32:52,Mobile,Completed
T00441,1364,389.31,NZD,2024-01-06 07:59:56,Mobile,Pending
T00442,1562,523.73,HUF,2024-03-30 14:10:16,Web,Pending
T00443,1437,56.5,BND,2024-03-11 18:32:28,API,Failed
T00444,1775,174.62,CLP,2024-03-10 09:06:16,Mobile,Completed
T00445,1282,740.65,HUF,2024-03-02 05:14:43,API,Failed
T00446,1026,91.97,NZD,2024-03-08 19:18:58,API,Completed
T00447,1225,607.12,BND,2024-02-27 18:05:04,Web,Completed
T00448,1276,252.9,BND,2024-01-12 14:53:21,Web,Pending
T00449,1797,395.4,BND,2024-01-04 14:40:23,Web,Pending
T00450,1608,295.81,HUF,2024-02-07 02:26:39,Mobile,Completed
T00451,1283,362.12,CLP,2024-03-13 13:40:16,Web,Failed
T00452,1878,721.86,CLP,2024-03-25 17:29:43,Web,Pending
T00453,1959,304.15,BND,2024-02-24 05:42:46,Mobile,Failed
T00454,1480,570.74,NZD,2024-02-06 18:45:02,Mobile,Pending
T00455,1452,481.29,NZD,2024-01-09 17:45:11,Web,Pending
T00456,1828,667.03,CLP,2024-01-27 20:38:35,Web,Failed
T00457,1815,937.46,NZD,2024-01-26 20:46:45,Web,Pending
T00458,1658,735.25,CLP,2024-02-19 19:40:59,Web,Pending
T00459,1515,222.79,BND,2024-03-17 16:24:13,API,Failed
T00460,1546,40.87,CLP,2024-01-22 23:30:54,API,Pending
T00461,1191,269.64,CLP,2024-02-10 00:25:50,Web,Pending
T00462,1048,599.13,BND,2024-01-18 22:36:24,API,Pending
T00463,1511,60.91,NZD,2024-02-18 07:34:42,Mobile,Failed
T00464,1016,501.4,CLP,2024-02-07 21:18:43,API,Completed
T00465,1171,600.87,CLP,2024-01-02 00:37:48,API,Failed
T00466,1219,340.9,BND,2024-02-02 19:27:17,Web,Completed
T00467,1157,773.2,NZD,2024-03-21 13:43:03,API,Pending
T00468,1476,115.53,CLP,2024-02-11 21:22:28,API,Completed
T00469,1045,84.39,BND,2024-01-23 06:41:54,API,Failed
T00470,1372,730.91,CLP,2024-03-25 03:41:44,API,Failed
T00471,1517,500.54,HUF,2024-03-13 16:06:52,Mobile,Pending
T00472,1098,691.52,BND,2024-02-16 09:56:02,Web,Completed
T00473,1891,440.48,NZD,2024-02-24 22:43:15,Web,Pending
T00474,1744,253.94,NZD,2024-02-02 01:39:02,Mobile,Pending
T00475,1036,820.91,NZD,2024-02-02 01:32:54,API,Failed
T00476,1279,801.42,NZD,2024-02-11 11:04:59,Mobile,Completed
T00477,1348,697.75,CLP,2024-02-05 06:05:15,API,Completed
T00478,1496,279.42,CLP,2024-03-28 14:49:39,Mobile,Completed
T00479,1301,594.33,NZD,2024-03-25 10:46:45,Web,Completed
T00480,1180,367.36,NZD,2024-03-20 05:48:59,Web,Pending
T00481,1606,100.67,NZD,2024-03-07 13:25:00,Web,Pending
T00482,1098,918.14,CLP,2024-01-04 03:15:14,API,Failed
T00483,1699,145.45,NZD,2024-02-17 13:36:43,API,Pending
T00484,1992,950.73,NZD,2024-03-06 05:38:09,Mobile,Pending
T00485,1115,451.55,HUF,2024-01-05 04:40:55,Mobile,Failed
T00486,1190,193.28,HUF,2024-02-21 18:46:57,Web,Failed
T00487,1252,546.48,NZD,2024-01-12 23:23:06,API,Failed
T00488,1980,874.22,BND,2024-03-10 21:55:02,Mobile,Pending
T00489,1927,734.9,NZD,2024-03-11 12:15:36,API,Pending
T00490,1982,808.5,HUF,2024-01-21 05:11:28,API,Failed
T00491,1160,662.2,BND,2024-03-09 15:22:47,Web,Failed
T00492,1255,695.35,BND,2024-03-05 04:51:34,Web,Failed
T00493,1322,850.7,NZD,2024-02-05 21:16:21,API,Pending
T00494,1127,257.17,HUF,2024-01-31 19:20:37,API,Pending
T00495,1017,494.53,HUF,2024-02-12 12:04:37,API,Completed
T00496,1792,229.0,BND,2024-01-25 03:01:44,API,Pending
T00497,1734,987.79,NZD,2024-02-18 02:45:37,Web,Pending
T00498,1565,944.62,CLP,2024-01-27 02:18:56,Mobile,Pending
T00499,1569,49.03,CLP,2024-02-04 23:16:12,Web,Failed
T00500,1322,708.52,HUF,2024-03-29 23:49:31,Mobile,Pending
T00501,1871,926.0,CLP,2024-01-28 15:23:49,API,Failed
T00502,1685,188.77,HUF,2024-02-06 03:11:21,Mobile,Completed
T00503,1791,572.27,HUF,2024-02-26 04:20:42,Web,Completed
T00504,1625,916.33,HUF,2024-03-08 05:15:51,Web,Failed
T00505,1287,43.61,CLP,2024-01-29 14:29:38,API,Failed
T00506,1942,700.45,HUF,2024-03-11 18:31:23,Web,Failed
T00507,1853,304.38,BND,2024-02-14 07:55:21,API,Pending
T00508,1662,925.15,NZD,2024-02-11 05:42:24,Web,Completed
T00509,1961,971.35,NZD,2024-03-02 23:11:52,Web,Failed
T00510,1638,944.82,HUF,2024-03-04 01:50:20,API,Pending
T00511,1154,479.47,NZD,2024-01-16 15:55:24,Mobile,Completed
T00512,1489,863.42,CLP,2024-03-19 03:50:08,Web,Pending
T00513,1385,846.1,CLP,2024-03-11 21:13:06,Mobile,Completed
T00514,1985,325.91,NZD,2024-02-09 00:47:35,Web,Pending
T00515,1784,830.63,CLP,2024-02-19 09:36:13,Web,Completed
T00516,1103,46.64,NZD,2024-03-10 20:18:42,Web,Completed
T00517,1928,600.31,NZD,2024-01-11 01:36:47,Web,Pending
T00518,1392,237.71,NZD,2024-03-09 21:58:04,Mobile,Failed
T00519,1810,129.36,HUF,2024-03-22 03:15:31,Mobile,Completed
T00520,1245,86.18,NZD,2024-02-20 21:18:40,Web,Failed
T00521,1175,699.33,HUF,2024-02-17 02:33:48,Web,Pending
T00522,1038,346.48,NZD,2024-03-20 12:19:49,Mobile,Failed
T00523,1476,727.52,NZD,2024-01-31 20:08:16,API,Failed
T00524,1681,74.7,NZD,2024-03-30 17:02:37,API,Failed
T00525,1758,322.14,CLP,2024-02-03 05:49:36,Mobile,Failed
T00526,1537,544.1,HUF,2024-01-16 20:21:17,Web,Failed
T00527,1866,792.82,HUF,2024-03-04 22:02:47,Web,Completed
T00528,1817,325.56,NZD,2024-03-18 19:14:50,API,Completed
T00529,1920,629.63,NZD,2024-01-09 16:19:31,API,Completed
T00530,1407,887.12,CLP,2024-01-31 00:27:39,Mobile,Pending
T00531,1524,619.7,CLP,2024-03-25 18:01:04,API,Failed
T00532,1827,240.63,CLP,2024-02-18 05:17:13,Mobile,Completed
T00533,1505,34.16,HUF,2024-03-30 16:46:12,API,Pending
T00534,1902,871.4,HUF,2024-02-21 14:57:56,API,Completed
T00535,1824,31.06,HUF,2024-03-27 07:18:08,API,Completed
T00536,1035,875.95,NZD,2024-03-26 03:38:39,Web,Failed
T00537,1684,533.65,HUF,2024-02-17 04:10:37,Web,Pending
T00538,1019,939.68,BND,2024-01-16 12:47:37,Web,Failed
T00539,1320,800.8,BND,2024-01-26 20:28:26,API,Failed
T00540,1775,997.95,CLP,2024-03-11 12:57:25,Mobile,Completed
T00541,1511,357.2,HUF,2024-01-06 14:55:57,Mobile,Failed
T00542,1399,769.52,BND,2024-01-24 18:39:36,Mobile,Pending
T00543,1653,407.91,CLP,2024-01-27 09:06:16,Mobile,Failed
T00544,1971,485.08,HUF,2024-01-14 17:11:51,Web,Failed
T00545,1882,631.23,NZD,2024-02-27 10:17:08,Web,Failed
T00546,1470,874.94,BND,2024-03-08 13:33:36,API,Completed
T00547,1142,984.24,NZD,2024-03-30 11:59:12,API,Pending
T00548,1091,770.59,HUF,2024-01-28 16:41:59,Mobile,Completed
T00549,1353,423.59,BND,2024-01-18 08:55:48,Web,Completed
T00550,1833,427.14,HUF,2024-03-14 05:31:30,Mobile,Completed
T00551,1799,740.21,NZD,2024-02-17 13:03:54,API,Completed
T00552,1726,246.39,BND,2024-03-18 04:16:38,API,Completed
T00553,1958,119.37,NZD,2024-01-28 21:03:50,Mobile,Pending
T00554,1853,361.08,HUF,2024-02-28 10:36:24,API,Failed
T00555,1050,294.37,HUF,2024-01-19 11:01:58,Mobile,Completed
T00556,1664,303.35,NZD,2024-03-08 13:26:36,Web,Completed
T00557,1697,241.27,BND,2024-03-20 03:25:51,Mobile,Pending
T00558,1574,51.67,NZD,2024-02-24 00:42:50,Web,Pending
T00559,1189,27.7,HUF,2024-02-01 06:49:54,Web,Failed
T00560,1124,987.85,NZD,2024-03-09 12:20:26,API,Pending
T00561,1149,433.5,HUF,2024-02-01 07:18:36,API,Failed
T00562,1313,390.48,NZD,2024-03-25 03:01:18,API,Completed
T00563,1569,682.85,BND,2024-03-05 07:50:05,Mobile,Completed
T00564,1341,226.07,BND,2024-02-26 17:47:24,Mobile,Failed
T00565,1304,950.46,NZD,2024-01-03 05:28:32,API,Pending
T00566,1691,788.48,NZD,2024-02-29 16:13:27,Mobile,Failed
T00567,1681,98.52,BND,2024-03-07 20:16:18,API,Pending
T00568,1837,423.4,HUF,2024-02-12 23:46:19,Mobile,Completed
T00569,1782,880.33,BND,2024-03-10 13:16:55,Web,Pending
T00570,1053,945.28,HUF,2024-03-08 15:44:07,Web,Failed
T00571,1443,472.73,NZD,2024-02-20 18:15:24,API,Failed
T00572,1612,617.28,NZD,2024-02-26 18:29:08,Mobile,Completed
T00573,1992,175.36,HUF,2024-01-18 22:23:40,Mobile,Pending
T00574,1263,991.26,NZD,2024-01-25 00:38:35,Web,Pending
T00575,1052,239.35,HUF,2024-02-08 18:15:24,Web,Pending
T00576,1571,943.3,CLP,2024-02-08 17:20:47,API,Completed
T00577,1619,653.15,BND,2024-03-30 18:21:20,Web,Pending
T00578,1004,611.66,CLP,2024-03-16 19:06:20,API,Failed
T00579,1102,517.56,HUF,2024-03-22 03:28:25,Web,Pending
T00580,1195,238.36,BND,2024-02-15 03:26:19,Web,Completed
T00581,1773,184.76,HUF,2024-02-14 00:46:49,Mobile,Pending
T00582,1876,228.28,BND,2024-02-04 07:35:32,Web,Pending
T00583,1991,194.57,BND,2024-03-18 19:14:15,Web,Failed
T00584,1883,781.79,BND,2024-03-18 04:03:36,API,Pending
T00585,1349,356.62,BND,2024-03-22 07:31:38,Web,Failed
T00586,1046,67.26,HUF,2024-01-08 11:49:01,API,Failed
T00587,1866,969.41,BND,2024-01-18 14:29:42,Web,Completed
T00588,1822,884.95,BND,2024-02-08 12:54:53,Web,Failed
T00589,1935,928.47,CLP,2024-03-27 21:15:24,API,Failed
T00590,1819,994.96,NZD,2024-03-13 16:54:06,Mobile,Completed
T00591,1655,182.16,NZD,2024-02-16 06:40:22,API,Failed
T00592,1268,402.28,CLP,2024-03-15 09:04:48,API,Completed
T00593,1369,760.66,CLP,2024-01-14 21:50:38,API,Pending
T00594,1635,699.06,HUF,2024-01-26 01:16:03,Mobile,Completed
T00595,1105,162.36,HUF,2024-02-21 20:23:45,Web,Failed
T00596,1669,817.67,HUF,2024-02-11 12:01:21,API,Completed
T00597,1658,232.2,CLP,2024-02-29 23:16:17,API,Failed
T00598,1656,231.58,CLP,2024-03-02 02:58:11,Mobile,Pending
T00599,1119,541.6,BND,2024-02-21 00:31:25,API,Completed
T00600,1830,597.01,HUF,2024-03-16 21:29:04,Web,Pending
T00601,1786,584.29,HUF,2024-02-27 14:00:30,Mobile,Failed
T00602,1603,100.57,HUF,2024-01-28 14:18:11,Web,Failed
T00603,1057,878.69,NZD,2024-01-25 06:06:28,Web,Pending
T00604,1950,272.94,BND,2024-01-31 17:46:22,Mobile,Completed
T00605,1345,138.22,HUF,2024-02-18 16:02:35,API,Completed
T00606,1740,889.86,HUF,2024-02-07 13:22:47,Web,Failed
T00607,1473,956.09,HUF,2024-02-28 13:27:47,Web,Pending
T00608,1116,863.51,NZD,2024-02-04 13:21:36,Web,Pending
T00609,1829,811.42,NZD,2024-01-06 01:33:45,Web,Completed
T00610,1790,658.69,CLP,2024-02-08 04:58:26,Mobile,Completed
T00611,1126,555.35,BND,2024-03-03 10:03:58,Mobile,Completed
T00612,1392,96.12,CLP,2024-03-30 16:07:04,Web,Pending
T00613,1907,414.37,BND,2024-01-16 21:07:50,API,Completed
T00614,1640,378.96,NZD,2024-01-29 03:12:01,Web,Completed
T00615,1057,267.16,HUF,2024-01-31 00:28:46,API,Failed
T00616,1633,726.19,CLP,2024-03-18 19:01:48,Web,Completed
T00617,1512,500.92,HUF,2024-02-16 12:11:20,API,Completed
T00618,1750,90.24,CLP,2024-01-30 10:06:57,Web,Pending
T00619,1801,227.98,NZD,2024-03-06 15:11:46,API,Pending
T00620,1095,686.43,NZD,2024-02-21 12:10:52,Web,Failed
T00621,1637,85.37,NZD,2024-01-19 04:07:37,Web,Completed
T00622,1117,852.69,CLP,2024-01-10 23:11:09,API,Failed
T00623,1559,500.2,BND,2024-03-07 03:15:29,Mobile,Pending
T00624,1600,485.78,CLP,2024-01-10 21:57:06,API,Failed
T00625,1487,596.48,BND,2024-02-28 12:54:13,Mobile,Pending
T00626,1236,826.43,CLP,2024-01-26 00:22:32,Web,Failed
T00627,1884,354.33,CLP,2024-03-02 21:45:28,API,Failed
T00628,1896,681.24,NZD,2024-01-02 05:27:02,API,Completed
T00629,1271,570.07,HUF,2024-02-02 09:32:11,API,Failed
T00630,1188,274.36,HUF,2024-03-06 11:00:35,Mobile,Completed
T00631,1998,879.84,BND,2024-02-27 13:57:25,Mobile,Completed
T00632,1703,799.45,HUF,2024-03-11 11:29:30,Web,Completed
T00633,1446,661.87,CLP,2024-02-07 03:03:16,Mobile,Completed
T00634,1580,852.08,CLP,2024-01-06 10:42:09,Mobile,Failed
T00635,1789,868.62,NZD,2024-02-04 12:45:16,Web,Pending
T00636,1860,711.28,NZD,2024-01-02 20:50:45,API,Pending
T00637,1246,838.64,HUF,2024-02-14 09:04:02,API,Pending
T00638,1962,700.5,BND,2024-02-07 23:53:51,Web,Failed
T00639,1075,683.34,HUF,2024-02-21 03:28:29,API,Completed
T00640,1153,622.43,HUF,2024-03-16 04:01:43,Mobile,Pending
T00641,1655,755.19,HUF,2024-03-23 04:24:33,Web,Failed
T00642,1434,167.02,HUF,2024-03-16 17:00:24,Web,Completed
T00643,1996,882.06,CLP,2024-01-08 22:00:29,Web,Pending
T00644,1085,873.13,BND,2024-03-02 18:35:55,API,Completed
T00645,1696,38.95,CLP,2024-01-06 21:46:10,Web,Pending
T00646,1284,827.56,BND,2024-03-19 21:53:46,Web,Pending
T00647,1973,137.58,NZD,2024-03-21 19:17:20,Web,Pending
T00648,1219,341.77,HUF,2024-01-21 06:46:14,API,Completed
T00649,1068,746.07,CLP,2024-02-21 02:27:56,Mobile,Failed
T00650,1046,169.15,BND,2024-02-16 07:01:34,Web,Completed
T00651,1093,819.79,NZD,2024-02-08 07:01:45,Mobile,Pending
T00652,1749,833.81,NZD,2024-03-09 16:47:57,API,Completed
T00653,1957,512.39,HUF,2024-01-03 10:02:24,API,Failed
T00654,1452,16.32,BND,2024-03-01 00:44:46,API,Completed
T00655,1203,294.17,CLP,2024-03-09 03:02:54,API,Failed
T00656,1911,620.76,HUF,2024-03-28 16:34:32,Mobile,Failed
T00657,1217,981.37,CLP,2024-02-02 16:51:34,Web,Completed
T00658,1473,635.5,NZD,2024-01-16 18:08:23,API,Pending
T00659,1431,267.21,CLP,2024-02-18 15:09:25,API,Failed
T00660,1340,637.67,CLP,2024-02-03 11:55:00,Mobile,Completed
T00661,1550,544.59,HUF,2024-02-24 00:20:05,Mobile,Failed
T00662,1611,782.05,CLP,2024-01-14 20:32:42,API,Pending
T00663,1288,115.91,HUF,2024-01-13 02:36:01,Web,Completed
T00664,1253,763.42,NZD,2024-03-18 06:07:31,Web,Completed
T00665,1733,545.85,HUF,2024-02-24 06:21:22,API,Completed
T00666,1356,963.36,HUF,2024-03-12 17:17:32,Mobile,Pending
T00667,1022,348.45,BND,2024-03-16 11:55:52,API,Failed
T00668,1761,636.3,CLP,2024-03-21 19:53:24,API,Completed
T00669,1521,932.71,NZD,2024-01-21 14:21:25,Mobile,Failed
T00670,1757,111.48,HUF,2024-01-22 23:05:01,API,Failed
T00671,1836,937.86,NZD,2024-02-25 00:43:39,API,Pending
T00672,1099,691.01,BND,2024-03-24 00:03:55,API,Completed
T00673,1801,77.16,CLP,2024-03-15 19:56:17,Mobile,Failed
T00674,1179,307.95,HUF,2024-03-11 22:37:19,Web,Completed
T00675,1222,711.09,CLP,2024-01-08 19:00:18,Web,Completed
T00676,1905,76.68,BND,2024-02-14 23:14:10,Mobile,Pending
T00677,1761,586.35,BND,2024-01-07 23:34:51,Web,Completed
T00678,1658,352.42,NZD,2024-02-26 17:40:59,API,Completed
T00679,1441,624.71,HUF,2024-01-31 19:13:18,Web,Failed
T00680,1607,55.28,NZD,2024-03-17 11:31:52,API,Pending
T00681,1768,872.82,BND,2024-03-05 12:14:54,Web,Completed
T00682,1324,973.75,CLP,2024-03-01 12:22:46,Mobile,Failed
T00683,1515,969.19,NZD,2024-01-26 05:23:51,Web,Pending
T00684,1015,752.16,NZD,2024-02-18 17:22:18,Web,Pending
T00685,1791,138.79,CLP,2024-01-09 07:50:07,Web,Failed
T00686,1335,760.68,NZD,2024-01-30 09:02:23,Mobile,Failed
T00687,1758,34.34,CLP,2024-01-04 21:51:53,Web,Failed
T00688,1257,31.9,HUF,2024-02-15 07:42:50,Mobile,Failed
T00689,1496,330.37,CLP,2024-03-13 19:34:16,API,Failed
T00690,1987,493.76,HUF,2024-01-04 19:20:21,Web,Completed
T00691,1895,772.7,CLP,2024-01-26 05:45:07,Mobile,Completed
T00692,1159,686.46,BND,2024-01-20 16:34:03,Mobile,Pending
T00693,1474,451.44,BND,2024-02-14 23:43:28,Web,Completed
T00694,1851,280.89,HUF,2024-01-21 23:26:15,API,Completed
T00695,1663,997.15,HUF,2024-03-15 20:44:22,Mobile,Completed
T00696,1907,431.92,BND,2024-02-11 23:37:27,Web,Failed
T00697,1689,456.87,HUF,2024-03-18 20:07:55,API,Pending
T00698,1674,171.99,CLP,2024-02-11 20:20:52,Mobile,Pending
T00699,1379,796.86,CLP,2024-03-01 02:42:14,Mobile,Pending
T00700,1544,696.75,BND,2024-01-01 19:06:43,API,Pending
T00701,1928,228.56,NZD,2024-03-30 23:03:00,API,Completed
T00702,1956,91.56,CLP,2024-03-11 20:16:55,Web,Completed
T00703,1690,683.69,HUF,2024-01-10 08:22:24,Web,Failed
T00704,1426,657.97,NZD,2024-01-09 15:58:56,Mobile,Pending
T00705,1612,280.53,NZD,2024-03-07 05:03:42,API,Completed
T00706,1267,951.35,CLP,2024-01-09 02:18:59,API,Completed
T00707,1834,159.55,CLP,2024-01-03 20:10:04,API,Failed
T00708,1576,438.01,NZD,2024-03-21 06:01:45,Mobile,Failed
T00709,1416,944.18,NZD,2024-03-05 04:23:23,API,Failed
T00710,1167,425.53,BND,2024-01-01 04:48:17,API,Completed
T00711,1841,642.14,HUF,2024-01-10 03:00:43,Mobile,Completed
T00712,1042,403.62,BND,2024-02-12 07:17:54,Web,Failed
T00713,1555,281.47,CLP,2024-02-07 19:12:42,Web,Pending
T00714,1284,984.14,BND,2024-02-25 02:56:46,Mobile,Failed
T00715,1396,415.24,BND,2024-03-10 13:32:14,API,Failed
T00716,1011,895.16,BND,2024-02-05 00:39:54,Mobile,Failed
T00717,1606,237.66,BND,2024-03-11 21:00:45,Web,Failed
T00718,1301,220.97,HUF,2024-01-15 04:52:26,Web,Completed
T00719,1897,40.82,HUF,2024-02-03 08:05:04,Mobile,Pending
T00720,1252,655.15,NZD,2024-03-23 01:10:08,Mobile,Failed
T00721,1498,374.84,CLP,2024-03-07 13:56:53,Web,Pending
T00722,1753,865.71,BND,2024-03-12 09:39:11,Mobile,Pending
T00723,1034,478.48,NZD,2024-01-16 10:26:12,Web,Pending
T00724,1726,968.51,NZD,2024-03-29 21:43:35,Mobile,Failed
T00725,1848,193.67,NZD,2024-03-06 05:50:25,Mobile,Completed
T00726,1089,869.94,HUF,2024-02-24 11:11:47,Mobile,Failed
T00727,1775,778.83,BND,2024-01-08 03:04:23,Web,Pending
T00728,1604,773.21,BND,2024-03-25 21:31:55,Mobile,Pending
T00729,1921,846.34,CLP,2024-02-24 10:01:09,Web,Completed
T00730,1969,763.41,BND,2024-02-13 13:50:56,Web,Failed
T00731,1601,629.96,BND,2024-03-27 16:09:02,Mobile,Pending
T00732,1417,139.93,NZD,2024-02-08 11:41:55,Mobile,Completed
T00733,1114,42.2,CLP,2024-03-07 19:35:12,Web,Pending
T00734,1616,921.64,BND,2024-03-06 17:21:53,Web,Completed
T00735,1902,620.48,HUF,2024-03-01 09:11:32,API,Completed
T00736,1195,798.57,BND,2024-01-10 14:13:11,Web,Failed
T00737,1825,486.71,NZD,2024-02-14 05:21:27,API,Pending
T00738,1500,126.14,HUF,2024-03-17 23:52:26,API,Failed
T00739,1625,133.93,NZD,2024-02-02 22:37:54,API,Pending
T00740,1492,688.71,BND,2024-02-26 00:18:18,Mobile,Failed
T00741,1074,436.0,HUF,2024-02-20 20:59:24,Mobile,Pending
T00742,1412,208.52,CLP,2024-03-10 07:21:39,Web,Failed
T00743,1375,496.68,CLP,2024-03-22 19:42:17,API,Completed
T00744,1419,73.57,HUF,2024-03-23 11:09:41,Mobile,Pending
T00745,1728,586.15,HUF,2024-03-30 22:27:54,Mobile,Pending
T00746,1276,276.3,NZD,2024-03-04 00:47:59,Mobile,Completed
T00747,1760,799.58,HUF,2024-01-05 08:39:54,Mobile,Failed
T00748,1675,317.26,NZD,2024-02-14 21:20:50,Mobile,Pending
T00749,1393,460.67,BND,2024-02-05 02:35:49,API,Pending
T00750,1868,21.5,NZD,2024-01-18 14:37:46,API,Failed
T00751,1456,81.72,HUF,2024-01-29 16:57:32,API,Completed
T00752,1919,398.57,HUF,2024-03-15 03:44:14,API,Failed
T00753,1191,485.14,BND,2024-03-16 17:05:56,Web,Failed
T00754,1738,604.02,HUF,2024-01-10 01:27:57,API,Failed
T00755,1688,298.75,HUF,2024-02-26 17:53:45,Mobile,Pending
T00756,1098,698.03,CLP,2024-03-22 19:22:12,API,Completed
T00757,1547,861.52,CLP,2024-03-15 08:38:17,Web,Completed
T00758,1977,782.05,BND,2024-02-14 23:13:00,Mobile,Failed
T00759,1998,49.22,NZD,2024-03-03 10:53:24,API,Pending
T00760,1095,485.7,CLP,2024-02-11 18:59:53,API,Failed
T00761,1663,113.88,NZD,2024-03-28 07:49:15,API,Pending
T00762,1662,249.62,HUF,2024-03-13 21:51:32,Mobile,Pending
T00763,1189,986.8,CLP,2024-03-08 02:49:06,Mobile,Pending
T00764,1735,151.07,BND,2024-03-24 18:11:34,Web,Pending
T00765,1036,503.9,BND,2024-02-08 04:39:33,Mobile,Completed
T00766,1779,621.97,BND,2024-03-09 14:50:43,Mobile,Pending
T00767,1368,705.44,CLP,2024-02-05 15:49:37,API,Pending
T00768,1694,564.05,NZD,2024-01-27 14:51:39,Mobile,Failed
T00769,1524,19.67,HUF,2024-01-23 19:53:44,API,Failed
T00770,1278,333.2,NZD,2024-03-20 02:29:04,API,Completed
T00771,1216,522.53,NZD,2024-01-16 11:08:12,Mobile,Failed
T00772,1866,96.99,HUF,2024-03-05 10:15:40,Web,Pending
T00773,1872,357.12,HUF,2024-03-11 00:30:50,Web,Failed
T00774,1797,42.87,CLP,2024-01-10 20:12:30,Mobile,Completed
T00775,1272,87.79,CLP,2024-02-29 08:06:21,Web,Failed
T00776,1880,402.95,CLP,2024-02-10 06:23:47,API,Failed
T00777,1061,141.39,CLP,2024-03-22 13:30:56,API,Completed
T00778,1595,571.87,CLP,2024-02-07 02:20:28,Mobile,Completed
T00779,1879,692.57,HUF,2024-01-02 22:34:07,Web,Pending
T00780,1728,802.58,NZD,2024-01-28 00:14:39,Web,Failed
T00781,1341,208.15,CLP,2024-01-06 00:57:57,API,Pending
T00782,1396,175.81,CLP,2024-01-20 11:38:43,Mobile,Failed
T00783,1698,113.52,NZD,2024-03-20 04:57:40,Web,Failed
T00784,1018,640.07,CLP,2024-03-30 13:01:24,Mobile,Pending
T00785,1176,709.41,NZD,2024-03-06 09:59:04,Web,Failed
T00786,1611,41.27,NZD,2024-02-18 13:44:16,API,Failed
T00787,1395,936.85,HUF,2024-02-20 02:01:48,API,Failed
T00788,1444,61.45,BND,2024-02-04 06:13:53,Mobile,Completed
T00789,1232,545.88,HUF,2024-01-19 07:17:00,API,Pending
T00790,1914,711.97,BND,2024-01-10 02:24:21,Web,Completed
T00791,1075,872.26,BND,2024-02-10 10:45:08,API,Pending
T00792,1264,716.95,BND,2024-03-21 11:11:54,Mobile,Pending
T00793,1454,803.71,CLP,2024-02-02 17:43:50,Mobile,Failed
T00794,1795,346.06,HUF,2024-02-19 03:00:02,Mobile,Pending
T00795,1717,816.68,BND,2024-02-05 15:17:22,Web,Completed
T00796,1734,89.31,NZD,2024-03-18 03:36:09,Web,Completed
T00797,1383,895.87,CLP,2024-02-01 23:14:41,Web,Completed
T00798,1563,552.12,HUF,2024-03-16 16:17:35,Web,Pending
T00799,1850,819.12,BND,2024-01-02 11:01:00,Web,Completed
T00800,1505,457.8,NZD,2024-03-03 20:33:54,API,Pending
T00801,1366,647.14,HUF,2024-03-10 01:57:13,Web,Completed
T00802,1143,531.14,HUF,2024-02-20 01:20:48,Web,Completed
T00803,1884,734.27,CLP,2024-03-19 21:21:24,API,Pending
T00804,1068,90.81,HUF,2024-02-02 08:47:41,Web,Completed
T00805,1098,69.75,CLP,2024-03-20 20:07:26,Mobile,Failed
T00806,1395,254.63,BND,2024-02-05 14:44:59,Web,Pending
T00807,1024,167.95,CLP,2024-02-02 22:03:00,Web,Pending
T00808,1947,873.07,NZD,2024-03-19 05:24:59,Mobile,Pending
T00809,1890,227.02,CLP,2024-01-31 08:12:58,Mobile,Failed
T00810,1468,976.11,NZD,2024-02-23 02:24:38,Mobile,Pending
T00811,1483,343.53,CLP,2024-03-19 05:45:22,Mobile,Completed
T00812,1564,190.3,HUF,2024-02-28 15:15:12,Web,Completed
T00813,1150,791.8,BND,2024-01-20 08:39:55,Mobile,Completed
T00814,1143,662.12,NZD,2024-02-17 09:11:26,Mobile,Pending
T00815,1568,503.21,CLP,2024-01-27 02:08:23,API,Completed
T00816,1038,559.81,CLP,2024-03-23 20:43:40,Mobile,Pending
T00817,1108,722.01,CLP,2024-02-04 00:29:22,Mobile,Completed
T00818,1692,236.17,HUF,2024-01-07 12:07:40,API,Failed
T00819,1041,996.37,HUF,2024-03-02 08:35:58,API,Failed
T00820,1185,975.05,NZD,2024-01-18 10:22:25,Web,Failed
T00821,1934,653.82,NZD,2024-01-31 15:36:42,API,Failed
T00822,1397,207.55,HUF,2024-01-14 19:22:11,Web,Pending
T00823,1222,683.43,NZD,2024-03-10 00:09:22,API,Completed
T00824,1633,81.48,BND,2024-02-26 14:04:44,API,Failed
T00825,1132,40.35,BND,2024-03-23 13:30:56,Web,Pending
T00826,1162,265.11,HUF,2024-01-11 02:05:22,API,Failed
T00827,1214,468.0,NZD,2024-03-11 00:25:31,Web,Failed
T00828,1732,869.59,CLP,2024-03-23 13:57:37,API,Pending
T00829,1234,729.9,BND,2024-01-18 20:24:07,Mobile,Pending
T00830,1842,745.28,HUF,2024-03-20 18:05:09,API,Completed
T00831,1657,431.24,NZD,2024-02-20 14:30:16,Web,Completed
T00832,1750,352.48,HUF,2024-03-15 20:27:03,API,Failed
T00833,1587,377.33,CLP,2024-03-16 13:15:37,Web,Failed
T00834,1008,987.77,BND,2024-01-26 06:05:06,Web,Completed
T00835,1073,49.71,HUF,2024-01-07 23:17:56,Mobile,Completed
T00836,1953,868.36,HUF,2024-01-18 08:42:14,Mobile,Pending
T00837,1491,582.89,HUF,2024-01-31 03:34:44,Web,Completed
T00838,1912,444.23,CLP,2024-03-15 13:17:59,API,Completed
T00839,1252,728.01,HUF,2024-01-20 17:40:43,Web,Failed
T00840,1229,491.8,CLP,2024-02-19 11:24:52,Web,Completed
T00841,1518,874.69,CLP,2024-02-16 13:28:48,API,Failed
T00842,1173,901.69,CLP,2024-01-03 18:36:19,API,Completed
T00843,1652,427.5,BND,2024-02-04 10:33:25,API,Pending
T00844,1167,284.06,BND,2024-02-29 00:25:54,API,Completed
T00845,1169,596.43,HUF,2024-03-16 05:05:02,Web,Completed
T00846,1392,913.24,HUF,2024-02-26 13:57:19,Web,Completed
T00847,1945,218.56,BND,2024-03-01 12:40:58,Mobile,Failed
T00848,1794,626.74,NZD,2024-03-03 05:04:52,Web,Pending
T00849,1633,635.24,BND,2024-03-13 19:00:49,API,Completed
T00850,1193,735.78,CLP,2024-03-12 14:07:06,Mobile,Failed
T00851,1516,140.25,BND,2024-01-10 02:55:40,API,Pending
T00852,1028,718.67,CLP,2024-03-12 08:13:34,Web,Failed
T00853,1164,909.94,HUF,2024-02-11 04:28:59,Mobile,Failed
T00854,1421,187.89,NZD,2024-02-13 08:33:57,API,Pending
T00855,1338,245.17,HUF,2024-03-27 19:10:12,Mobile,Completed
T00856,1647,971.68,CLP,2024-03-26 11:20:21,Mobile,Failed
T00857,1495,189.17,CLP,2024-03-12 22:41:14,Web,Failed
T00858,1364,855.84,CLP,2024-01-25 13:47:18,API,Completed
T00859,1832,497.36,NZD,2024-03-29 04:23:55,Mobile,Completed
T00860,1341,254.76,BND,2024-02-24 16:51:16,Mobile,Pending
T00861,1499,872.04,HUF,2024-03-02 17:39:28,API,Pending
T00862,1656,450.85,HUF,2024-02-23 02:38:47,Mobile,Pending
T00863,1510,519.67,BND,2024-01-19 17:42:43,Mobile,Completed
T00864,1326,365.64,HUF,2024-01-07 19:59:41,Mobile,Failed
T00865,1216,597.02,NZD,2024-03-03 13:00:41,API,Failed
T00866,1300,171.89,HUF,2024-02-03 22:30:35,API,Pending
T00867,1131,397.17,CLP,2024-02-12 15:18:29,API,Completed
T00868,1803,969.72,BND,2024-01-18 19:40:00,API,Failed
T00869,1069,265.55,NZD,2024-03-27 09:38:26,Web,Pending
T00870,1251,660.17,BND,2024-02-28 20:10:01,Mobile,Failed
T00871,1414,331.94,NZD,2024-01-26 18:45:03,API,Failed
T00872,1786,775.74,CLP,2024-02-18 23:48:59,Mobile,Completed
T00873,1444,139.56,BND,2024-02-05 12:59:31,Mobile,Completed
T00874,1875,970.12,HUF,2024-01-14 05:40:47,Web,Failed
T00875,1181,459.25,NZD,2024-03-25 08:16:05,API,Pending
T00876,1166,243.69,BND,2024-02-11 19:14:06,API,Completed
T00877,1090,82.76,HUF,2024-03-23 19:53:26,Mobile,Failed
T00878,1713,178.06,BND,2024-01-17 09:35:53,API,Completed
T00879,1857,524.58,BND,2024-02-28 20:19:47,Mobile,Completed
T00880,1530,343.63,BND,2024-02-01 04:24:05,Mobile,Completed
T00881,1038,830.59,NZD,2024-02-17 17:03:06,Web,Failed
T00882,1125,436.58,HUF,2024-01-05 21:01:20,Web,Pending
T00883,1450,256.23,CLP,2024-01-11 12:34:05,Web,Pending
T00884,1172,620.97,NZD,2024-01-04 22:46:47,Mobile,Pending
T00885,1652,709.71,NZD,2024-03-29 00:23:50,API,Completed
T00886,1753,175.37,NZD,2024-03-29 05:30:54,Web,Failed
T00887,1219,175.94,CLP,2024-01-15 05:52:26,API,Completed
T00888,1637,46.3,HUF,2024-03-16 01:18:02,Web,Pending
T00889,1057,739.04,HUF,2024-02-08 01:49:51,Web,Pending
T00890,1659,667.17,HUF,2024-01-07 20:37:12,Mobile,Failed
T00891,1475,479.88,BND,2024-02-16 17:25:06,Web,Completed
T00892,1455,845.73,BND,2024-02-25 00:53:05,Web,Pending
T00893,1828,807.61,BND,2024-02-25 00:48:16,Mobile,Failed
T00894,1894,589.5,CLP,2024-01-18 00:56:18,API,Completed
T00895,1360,869.59,BND,2024-01-14 10:49:49,Web,Completed
T00896,1934,213.78,CLP,2024-02-14 19:07:06,Mobile,Pending
T00897,1000,120.8,HUF,2024-03-07 07:46:25,Web,Pending
T00898,1386,277.05,BND,2024-01-05 19:04:59,Mobile,Completed
T00899,1972,66.52,BND,2024-03-07 23:05:22,API,Completed
T00900,1347,535.86,NZD,2024-01-28 13:31:26,API,Pending
T00901,1189,937.24,CLP,2024-02-12 13:09:18,Mobile,Completed
T00902,1504,48.95,HUF,2024-03-18 16:44:30,Mobile,Pending
T00903,1190,130.89,NZD,2024-03-03 19:12:03,Mobile,Completed
T00904,1507,457.68,NZD,2024-02-18 04:05:00,API,Pending
T00905,1368,934.54,HUF,2024-03-03 10:10:55,Web,Failed
T00906,1408,322.99,NZD,2024-01-02 10:50:38,API,Pending
T00907,1823,512.16,CLP,2024-02-13 15:16:23,Mobile,Pending
T00908,1928,51.16,CLP,2024-01-23 04:30:43,Mobile,Failed
T00909,1933,156.86,BND,2024-03-01 09:13:16,API,Completed
T00910,1116,986.76,NZD,2024-03-23 00:18:24,Mobile,Failed
T00911,1133,965.47,BND,2024-03-16 21:06:24,API,Pending
T00912,1057,14.89,NZD,2024-03-03 22:04:32,Mobile,Completed
T00913,1555,952.29,CLP,2024-03-18 13:02:24,Web,Failed
T00914,1684,642.73,CLP,2024-01-26 10:56:31,Web,Completed
T00915,1671,869.24,CLP,2024-01-08 08:35:19,Mobile,Completed
T00916,1172,460.19,NZD,2024-03-08 05:14:38,API,Failed
T00917,1828,520.44,CLP,2024-02-02 10:10:45,Web,Completed
T00918,1814,493.96,NZD,2024-01-10 08:30:58,API,Failed
T00919,1148,670.2,BND,2024-02-22 08:47:54,Mobile,Pending
T00920,1079,148.25,NZD,2024-03-15 05:25:24,API,Completed
T00921,1885,39.67,BND,2024-02-03 03:35:40,Web,Pending
T00922,1212,314.85,NZD,2024-02-11 06:07:42,API,Pending
T00923,1202,707.63,BND,2024-03-20 03:56:29,API,Completed
T00924,1763,209.83,CLP,2024-01-03 02:32:28,Mobile,Failed
T00925,1228,676.7,BND,2024-01-30 21:26:54,Mobile,Completed
T00926,1675,970.21,CLP,2024-03-20 22:17:26,Mobile,Pending
T00927,1226,102.96,CLP,2024-03-17 10:51:59,Web,Pending
T00928,1658,675.88,BND,2024-02-13 15:04:17,Web,Failed
T00929,1531,449.31,NZD,2024-01-14 23:12:31,Mobile,Completed
T00930,1440,869.46,NZD,2024-03-16 17:02:13,Mobile,Pending
T00931,1401,185.38,HUF,2024-01-12 00:54:52,Web,Pending
T00932,1046,695.7,NZD,2024-03-03 06:23:17,Web,Pending
T00933,1232,839.73,HUF,2024-01-03 12:29:30,Web,Failed
T00934,1304,945.17,NZD,2024-02-17 10:51:46,Web,Pending
T00935,1525,686.42,NZD,2024-02-25 23:35:17,Mobile,Pending
T00936,1142,502.2,CLP,2024-03-21 15:52:09,Web,Completed
T00937,1414,621.67,HUF,2024-03-24 17:58:23,Mobile,Completed
T00938,1512,870.22,NZD,2024-01-29 05:00:45,API,Pending
T00939,1372,574.9,HUF,2024-03-05 07:22:55,API,Pending
T00940,1565,40.08,CLP,2024-03-12 12:06:35,Web,Completed
T00941,1885,931.64,CLP,2024-03-25 15:33:21,API,Failed
T00942,1258,692.63,HUF,2024-03-09 09:43:04,API,Failed
T00943,1655,679.75,CLP,2024-03-11 09:29:59,API,Failed
T00944,1470,223.52,BND,2024-02-01 06:48:02,Web,Failed
T00945,1952,662.3,BND,2024-03-26 12:44:39,Web,Failed
T00946,1970,399.93,CLP,2024-03-02 08:38:53,API,Failed
T00947,1011,654.72,BND,2024-01-21 17:13:28,Mobile,Failed
T00948,1329,115.53,NZD,2024-01-22 03:22:05,API,Failed
T00949,1735,661.27,HUF,2024-02-22 05:37:50,Web,Completed
T00950,1783,999.42,NZD,2024-01-16 11:48:50,Web,Failed
T00951,1967,57.73,HUF,2024-03-26 20:31:14,Web,Failed
T00952,1357,977.4,CLP,2024-03-12 04:45:37,API,Failed
T00953,1971,412.84,NZD,2024-02-21 16:49:11,Mobile,Pending
T00954,1407,872.05,CLP,2024-01-26 06:05:13,Web,Completed
T00955,1667,784.56,CLP,2024-01-18 02:46:08,Web,Completed
T00956,1372,571.35,HUF,2024-03-23 01:17:58,API,Completed
T00957,1007,741.06,HUF,2024-01-19 02:46:53,Mobile,Failed
T00958,1121,879.73,HUF,2024-02-01 23:36:38,API,Failed
T00959,1347,410.1,NZD,2024-02-29 07:31:14,Web,Pending
T00960,1675,333.76,BND,2024-03-17 14:57:04,Mobile,Completed
T00961,1089,670.92,HUF,2024-01-08 23:09:12,Mobile,Failed
T00962,1647,809.77,HUF,2024-01-05 15:56:20,Web,Completed
T00963,1697,764.66,NZD,2024-01-13 00:25:36,Mobile,Pending
T00964,1315,799.84,HUF,2024-02-03 07:32:30,Mobile,Pending
T00965,1177,441.23,NZD,2024-01-14 12:42:12,API,Pending
T00966,1539,819.66,CLP,2024-03-28 11:14:20,Web,Completed
T00967,1731,129.01,HUF,2024-03-14 07:29:43,Web,Failed
T00968,1868,549.04,HUF,2024-03-17 18:14:31,Web,Failed
T00969,1040,15.7,CLP,2024-03-07 20:13:56,Web,Pending
T00970,1739,331.34,CLP,2024-03-21 05:44:27,Web,Failed
T00971,1703,372.8,CLP,2024-01-17 18:31:27,Mobile,Pending
T00972,1922,402.21,HUF,2024-01-30 07:12:08,API,Completed
T00973,1501,698.51,BND,2024-01-25 09:42:22,Web,Pending
T00974,1958,394.67,BND,2024-03-21 02:54:56,API,Completed
T00975,1144,454.21,BND,2024-01-11 20:27:15,API,Pending
T00976,1200,245.17,HUF,2024-02-10 12:57:06,Mobile,Failed
T00977,1928,379.52,CLP,2024-01-17 01:11:29,Web,Failed
T00978,1723,235.0,HUF,2024-02-14 04:02:06,Mobile,Pending
T00979,1460,82.46,CLP,2024-02-05 11:56:23,Web,Failed
T00980,1731,607.41,HUF,2024-02-02 22:37:10,Mobile,Failed
T00981,1751,671.53,HUF,2024-03-05 14:34:48,API,Failed
T00982,1924,623.3,CLP,2024-01-25 12:27:13,Web,Completed
T00983,1908,468.86,BND,2024-03-14 10:40:45,API,Failed
T00984,1557,385.99,CLP,2024-02-21 13:53:17,API,Completed
T00985,1546,864.7,NZD,2024-03-05 06:38:55,Mobile,Pending
T00986,1252,523.89,NZD,2024-02-12 13:50:21,Web,Failed
T00987,1389,484.39,CLP,2024-02-22 17:46:06,API,Failed
T00988,1593,35.39,HUF,2024-03-18 09:14:13,Mobile,Failed
T00989,1882,347.84,NZD,2024-03-13 01:43:38,Web,Pending
T00990,1255,386.39,NZD,2024-02-27 21:02:26,Web,Completed
T00991,1708,404.83,HUF,2024-01-16 00:33:11,API,Completed
T00992,1814,584.37,HUF,2024-03-21 16:25:38,Web,Failed
T00993,1920,538.27,BND,2024-03-02 03:59:09,API,Pending
T00994,1449,611.83,HUF,2024-03-20 06:24:59,Web,Pending
T00995,1009,767.23,CLP,2024-02-13 04:30:04,Mobile,Pending
T00996,1823,814.86,CLP,2024-01-21 23:56:28,API,Pending
T00997,1797,720.94,BND,2024-01-25 09:22:39,API,Pending
T00998,1241,955.97,NZD,2024-01-03 12:40:01,Web,Completed
T00999,1250,28.05,NZD,2024-01-12 09:38:52,Web,Completed
